{
  "Collagen Wet": {
    "d": [
      67.0, 33.5, 22.3, 16.75, 13.4, 11.6, 9.6, 8.4, 7.4, 6.7, 6.1, 5.6, 5.15,
      4.46, 3.35, 3.2, 3.05, 2.2, 1.9, 1.6, 1.3, 0.95
    ]
  },
  "Collagen Dry": {
    "d": [
      65.3, 32.7, 21.8, 16.3, 13.1, 10.9, 9.33, 8.16, 7.26, 6.53, 5.94, 5.44,
      5.02, 4.66
    ]
  },
  "Ag Behenate": {
    "d": [
      5.838, 2.919, 1.946, 1.4595, 1.1676, 0.973, 0.834, 0.72975, 0.64867,
      0.5838, 0.53073, 0.4865, 0.44908, 0.417, 0.458996, 0.453
    ]
  },
  "HDPE": { "d": [0.4166, 0.378, 0.3014, 0.249] },
  "Silicon": {
    "d": [
      0.31356011, 0.19201557, 0.16375143, 0.13577551000000002, 0.12459616,
      0.11086024000000001, 0.10452004, 0.096007786, 0.09180100199999999,
      0.08587197399999999, 0.082822286, 0.078390029, 0.07604949800000001,
      0.072575064, 0.070705864, 0.067887756, 0.066350476, 0.06271202299999999,
      0.060720655
    ]
  },
  "Cr2O3": {
    "d": [
      0.3645, 0.2672, 0.2487, 0.21810000000000002, 0.1819, 0.1676, 0.1467,
      0.1433
    ]
  },
  "CeO2": {
    "d": [
      0.312421, 0.270565, 0.19131800000000002, 0.163157, 0.15621000000000002,
      0.13528199999999999, 0.124144, 0.121, 0.110457, 0.10414000000000001,
      0.09565900000000001, 0.09146750000000001, 0.0901882, 0.08556, 0.0825214,
      0.0815783, 0.0757732, 0.0750411, 0.0723114, 0.070449, 0.0676411,
      0.0661094, 0.0656215, 0.0637727, 0.062484200000000004,
      0.062071799999999996
    ]
  },
  "Bees Wax": { "d": [0.36, 0.24] },
  "LaB6": {
    "d": [
      0.4156916, 0.2939383, 0.23999959999999998, 0.2078458, 0.1859029,
      0.1697053, 0.14696910000000002, 0.1385638, 0.1314532, 0.1253357,
      0.11999979999999999, 0.11529210000000001, 0.1110982, 0.1039229,
      0.10081999999999999, 0.09797940000000001, 0.0953661, 0.09295139999999999,
      0.0907113, 0.0886257, 0.0848526, 0.0848526, 0.0831383,
      0.08152380000000001, 0.0799998
    ]
  }
}
